Transaction Date,Posted Date,Card No.,Description,Category,Debit,Credit
2022-03-31,2022-04-01,1975,RITE AID 05647,Health Care,8.92,
2022-03-30,2022-04-01,1975,STUMP'S MARKET,Merchandise,6.56,
2022-03-30,2022-04-01,1975,ORTIZS TACO SHOP,Dining,22.54,
2022-03-30,2022-03-31,1975,TRADER JOE'S #188  QPS,Merchandise,15.89,
2022-03-30,2022-03-30,2763,COMCAST CALIFORNIA,Phone/Cable,73.23,
2022-03-28,2022-03-30,2763,BLUE COYOTE GRILL,Dining,39.68,
2022-03-27,2022-03-28,2763,PABLITOS MEXICAN BAR,Dining,35.52,
2022-03-26,2022-03-28,2763,WATERFRONT BAR AND GRI,Dining,28.17,
2022-03-26,2022-03-28,2763,ORTEGAS COCINA,Dining,33.55,
2022-03-25,2022-03-28,1975,PRINCESS PUB & GRILLE,Dining,9.93,
2022-03-25,2022-03-28,1975,PRINCESS PUB & GRILLE,Dining,17.49,
2022-03-26,2022-03-28,2763,RITE AID 05647,Health Care,35.54,
2022-03-26,2022-03-28,2763,TST* SAMBURGERS LITTLE,Dining,29.38,
2022-03-25,2022-03-28,2763,BOLT BREWERY DOWNTOWN,Dining,22.86,
2022-03-25,2022-03-26,1975,SUNSHINE CO SALOON,Dining,12.78,
2022-03-20,2022-03-21,2763,PORT OF SD PKG N EMBAR,Other Services,1.75,
2022-03-20,2022-03-21,2763,SQ *PARANA EMPANADAS L,Dining,12.60,
2022-03-19,2022-03-21,2763,ARCO #42446 AMPM,Gas/Automotive,16.85,
2022-03-19,2022-03-21,2763,TST* Yucca Tree Eatery,Dining,36.05,
2022-03-16,2022-03-16,2763,CAPITAL ONE MOBILE PYMT,Payment/Credit,,501.25
2022-03-13,2022-03-15,1975,SAFEWAY #3026,Merchandise,77.27,
2022-03-12,2022-03-15,2763,VA DE VI BISTRO & WINE,Dining,53.51,
2022-03-13,2022-03-14,1975,CHEVRON 0305610,Gas/Automotive,65.10,
2022-03-13,2022-03-14,2763,Peacock 01FC8 Premium,Phone/Cable,4.99,
2022-03-12,2022-03-14,2763,MASSIMO RISTORANTE,Dining,125.40,
2022-03-12,2022-03-14,2763,EB BAY AREA CRAFT BEE,Other Services,218.61,
2022-03-11,2022-03-11,2763,CREDIT-REWARD REDEMPTION,Payment/Credit,,45.23
2022-03-11,2022-03-11,2763,CREDIT-REWARD REDEMPTION,Payment/Credit,,89.98
2022-03-11,2022-03-11,2763,CREDIT-REWARD REDEMPTION,Payment/Credit,,110.00
2022-03-07,2022-03-08,2763,FLYERS WALNUT CREEK,Gas/Automotive,63.64,
2022-03-07,2022-03-08,2763,TRADER JOE'S #123  QPS,Merchandise,27.07,
2022-03-06,2022-03-07,2763,TEXACO 0355921,Gas/Automotive,13.64,
2022-03-05,2022-03-07,1975,TAQUERIA EL FAROLITO,Dining,66.73,
2022-03-04,2022-03-07,2763,THE DIABLO HILLS GOLF,Dining,30.50,
2022-03-04,2022-03-04,2763,CAPITAL ONE MOBILE PYMT,Payment/Credit,,421.20
2022-03-01,2022-03-02,2763,FLYERS WALNUT CREEK,Gas/Automotive,28.21,
2022-03-01,2022-03-02,2763,TRADER JOE'S #123  QPS,Merchandise,19.35,
2022-03-02,2022-03-02,2763,COMCAST CALIFORNIA,Phone/Cable,73.23,
2022-02-25,2022-02-28,2763,WESTBRAE BIERGARTEN,Dining,10.22,
2022-02-25,2022-02-28,2763,FIELDWORK BREWING - BE,Dining,24.00,
2022-02-26,2022-02-28,2763,THE UPS STORE 0966,Other Services,3.83,
2022-02-26,2022-02-28,2763,TST* Luna - San Franci,Dining,62.46,
2022-02-26,2022-02-28,1975,GIFTCHRG.COMHOMECHEF,Merchandise,75.00,
2022-02-26,2022-02-28,2763,TRADER JOE'S #074  QPS,Merchandise,40.53,
2022-02-26,2022-02-28,2763,CHEVRON 0096982,Gas/Automotive,59.62,
2022-02-23,2022-02-24,2763,TRADER JOE'S #123  QPS,Merchandise,24.75,
2022-02-23,2022-02-23,2763,CAPITAL ONE MOBILE PYMT,Payment/Credit,,510.99
2022-02-21,2022-02-22,2763,ANDOIL,Gas/Automotive,27.61,
2022-02-21,2022-02-22,2763,SAMS CLUB #6612,Merchandise,89.98,
2022-02-20,2022-02-21,2763,KATYS KREEK RESTAURANT,Dining,58.79,
2022-02-18,2022-02-21,2763,Montecatini Ristorante,Dining,43.98,
2022-02-18,2022-02-21,2763,MR LUCKYS,Dining,35.00,
2022-02-20,2022-02-21,2763,TST* 21ST AMENDMENT BR,Dining,24.07,
2022-02-20,2022-02-21,2763,TST* BLACK HAMMER BREW,Dining,27.04,
2022-02-18,2022-02-21,2763,MIXED GRAIN.,Dining,63.11,
2022-02-19,2022-02-21,2763,SQ *MONARCH BEVERAGE C,Dining,32.20,
2022-02-19,2022-02-21,2763,SQ *MONARCH BEVERAGE C,Dining,20.70,
2022-02-19,2022-02-21,2763,SQ *ONE MARKET RESTAUR,Dining,18.97,
2022-02-17,2022-02-17,2763,CAPITAL ONE MOBILE PYMT,Payment/Credit,,200.72
2022-02-16,2022-02-17,1975,CHEVRON 0205756,Gas/Automotive,69.54,
2022-02-14,2022-02-16,1975,FOODMAXX #480 BRENTW,Merchandise,6.27,
2022-02-11,2022-02-14,1975,MR LUCKYS,Dining,17.00,
2022-02-11,2022-02-14,1975,MR LUCKYS,Dining,14.00,
2022-02-12,2022-02-14,1975,SAFEWAY #0917,Merchandise,13.27,
2022-02-13,2022-02-14,2763,Peacock 34C38 Premium,Phone/Cable,4.99,
2022-02-12,2022-02-14,2763,YICK S LIQUORS,Merchandise,25.98,
2022-02-11,2022-02-14,2763,OPA AUTHENTIC GREEK CU,Dining,20.32,
2022-02-11,2022-02-12,2763,SASA RESTAURANT,Dining,26.75,
2022-02-08,2022-02-09,2763,FLYERS WALNUT CREEK,Gas/Automotive,29.61,
2022-02-08,2022-02-09,2763,TRADER JOE'S #123  QPS,Merchandise,42.53,
2022-02-03,2022-02-03,2763,CAPITAL ONE MOBILE PYMT,Payment/Credit,,302.61
2022-02-01,2022-02-02,1975,ANDOIL,Gas/Automotive,50.39,
2022-01-30,2022-01-31,2763,TRADER JOE'S #060  QPS,Merchandise,30.81,
2022-01-29,2022-01-31,1975,SAFEWAY #1917,Merchandise,6.15,
2022-01-29,2022-01-31,1975,SAFEWAY #0917,Merchandise,32.03,
2022-01-29,2022-01-31,2763,MR LUCKYS,Dining,110.00,
2022-01-30,2022-01-31,2763,COMCAST CALIFORNIA,Phone/Cable,73.23,
2022-01-27,2022-01-27,2763,CAPITAL ONE MOBILE PYMT,Payment/Credit,,454.29
2022-01-25,2022-01-26,2763,TRADER JOE'S #123  QPS,Merchandise,28.32,
2022-01-23,2022-01-25,1975,SAFEWAY #0917,Merchandise,28.44,
2022-01-24,2022-01-25,2763,TST* THE RAKE AT ADMIR,Dining,132.17,
2022-01-24,2022-01-25,2763,TST* LOKANTA GRILL & B,Dining,30.23,
2022-01-24,2022-01-24,2763,TST* SAUCED BBQ & SPIR,Dining,50.86,
2022-01-23,2022-01-24,2763,TOYO SUSHI JAPANESE,Dining,61.22,
2022-01-22,2022-01-24,2763,JIFFY LUBE #2335,Gas/Automotive,73.74,
2022-01-19,2022-01-20,1975,ANDOIL,Gas/Automotive,49.31,
2022-01-19,2022-01-19,2763,CAPITAL ONE MOBILE PYMT,Payment/Credit,,479.85
2022-01-17,2022-01-18,1975,WALGREENS #4026,Health Care,45.23,
2022-01-15,2022-01-17,1975,MCP S TAPHOUSE GRILL,Dining,21.50,
2022-01-16,2022-01-17,2763,HEIDIS PANCAKE HOUSE,Dining,38.19,
2022-01-15,2022-01-17,2763,REVIVE COFFEE & WINE,Dining,12.65,
2022-01-15,2022-01-17,2763,MCP S TAPHOUSE GRILL,Dining,86.75,
2022-01-15,2022-01-17,2763,76 - DBA SEI 42085,Gas/Automotive,48.22,
2022-01-14,2022-01-17,2763,SAFEWAY #0917,Merchandise,33.33,
2022-01-14,2022-01-15,1975,TST* JUPITER PIZZA & B,Dining,13.82,
2022-01-12,2022-01-14,1975,SHELL OIL 57444481907,Gas/Automotive,60.64,
2022-01-09,2022-01-10,2763,TRADER JOE'S #123  QPS,Merchandise,17.27,
2022-01-07,2022-01-10,2763,OCEAN BEACH BREWERY,Dining,32.31,
2022-01-08,2022-01-10,2763,TONYS CAFE,Dining,21.05,
2022-01-07,2022-01-08,2763,OB NOODLE HOUSE,Dining,48.89,
2022-01-07,2022-01-07,2763,CAPITAL ONE MOBILE PYMT,Payment/Credit,,692.60
2022-01-05,2022-01-06,2763,TST* JAMBA JUICE - 145,Dining,14.58,
2022-01-04,2022-01-05,2763,MIKKO SUSHI,Dining,35.52,
2022-01-03,2022-01-05,2763,BRICKWORKS,Dining,30.13,
2022-01-04,2022-01-05,2763,CHEVRON 0385454,Gas/Automotive,44.86,
2022-01-02,2022-01-05,2763,LA BONITA'S,Dining,44.56,
2022-01-03,2022-01-05,2763,CLUB LIQUOR,Merchandise,25.43,
2022-01-02,2022-01-03,2763,JOSHUA TREE NATIONAL P,Other Services,30.00,
2022-01-01,2022-01-03,2763,JOSHUA GAS,Gas/Automotive,35.86,
2021-12-31,2022-01-03,1975,THE HOME DEPOT 674,Merchandise,100.31,
2022-01-01,2022-01-03,2763,STATERBROS105,Merchandise,11.43,
2022-01-01,2022-01-03,2763,Pappy's & Harriet's,Dining,44.64,
2021-12-31,2022-01-03,2763,VONS #2053,Merchandise,105.62,
2021-12-30,2021-12-30,2763,COMCAST CALIFORNIA,Phone/Cable,70.23,
2021-12-27,2021-12-28,2763,JAI HO-INDIANGULLY,Dining,18.30,
2021-12-27,2021-12-28,2763,TARGET        00009175,Merchandise,49.79,
2021-12-25,2021-12-27,2763,CAPITAL ONE MOBILE PYMT,Payment/Credit,,295.39
2021-12-24,2021-12-27,1975,KROGER #483,Merchandise,31.34,
2021-12-22,2021-12-24,1975,ULTA #799,Merchandise,11.76,
2021-12-22,2021-12-23,2763,BEVERAGES & MORE #70,Merchandise,71.75,
2021-12-22,2021-12-23,2763,WALGREENS #15078,Health Care,157.98,
2021-12-21,2021-12-21,2763,CAPITAL ONE MOBILE PYMT,Payment/Credit,,600.94
2021-12-20,2021-12-21,1975,ANDOIL,Gas/Automotive,53.90,
2021-12-19,2021-12-20,1975,TARGET        00012088,Merchandise,26.54,
2021-12-18,2021-12-20,1975,OPA AUTHENTIC GREEK CU,Dining,191.34,
2021-12-18,2021-12-20,2763,TARGET        00012088,Merchandise,3.99,
2021-12-18,2021-12-20,2763,TARGET        00012088,Merchandise,,76.13
2021-12-16,2021-12-17,1975,BART-CLIPPER WALNUT CR,Other Travel,20.00,
2021-12-15,2021-12-17,2763,FARM PROVISIONS,Dining,100.00,
2021-12-15,2021-12-16,2763,TARGET        00012088,Merchandise,76.13,
2021-12-12,2021-12-14,2763,SOUTH BEACH BAR AND GR,Dining,103.89,
2021-12-13,2021-12-14,2763,TRADER JOE'S #123  QPS,Merchandise,16.03,
2021-12-12,2021-12-14,2763,SHELL OIL 57444476600,Gas/Automotive,60.16,
2021-12-11,2021-12-13,2763,STUMP'S MARKET,Merchandise,6.99,
2021-12-09,2021-12-09,2763,CAPITAL ONE MOBILE PYMT,Payment/Credit,,446.72
2021-12-07,2021-12-09,2763,60776-SFO PREPAID PARK,Gas/Automotive,72.00,
2021-12-07,2021-12-08,2763,TRADER JOE'S #123  QPS,Merchandise,34.93,
2021-12-05,2021-12-06,2763,TST* BIERHAUS - WALNUT,Dining,75.97,
2021-12-04,2021-12-06,2763,OL BEERCAFE,Dining,36.00,
2021-12-04,2021-12-06,2763,SAFEWAY #0917,Merchandise,6.83,
2021-11-30,2021-12-01,2763,TRADER JOE'S #123  QPS,Merchandise,18.20,
2021-11-30,2021-12-01,1975,CHEVRON 0205756,Gas/Automotive,66.43,
2021-11-27,2021-11-30,1975,THE RUTH BANCROFT GARD,Merchandise,21.75,
2021-11-30,2021-11-30,2763,COMCAST CALIFORNIA,Phone/Cable,70.23,
2021-11-28,2021-11-29,2763,TST* BRODERICKS ROADHO,Dining,61.11,
2021-11-25,2021-11-26,2763,CAPITAL ONE MOBILE PYMT,Payment/Credit,,440.83
2021-11-24,2021-11-26,1975,SAFEWAY #0917,Merchandise,1.99,
2021-11-25,2021-11-26,2763,WALGREENS #5365,Health Care,5.99,
2021-11-23,2021-11-26,1975,SAFEWAY #0936,Merchandise,47.29,
2021-11-23,2021-11-24,2763,SKIPOLINIS PIZZA,Dining,199.42,
2021-11-22,2021-11-24,1975,HOBBY-LOBBY #564,Merchandise,70.37,
2021-11-20,2021-11-22,2763,SAFEWAY #3026,Merchandise,116.25,
2021-11-20,2021-11-22,2763,TARGET        00012088,Merchandise,11.01,
2021-11-20,2021-11-22,2763,TEXACO 0384492,Gas/Automotive,43.78,
2021-11-20,2021-11-20,2763,CAPITAL ONE MOBILE PYMT,Payment/Credit,,1188.42
2021-11-18,2021-11-19,1975,TARGET        00012088,Merchandise,3.09,
2021-11-17,2021-11-18,1975,ANDOIL,Gas/Automotive,60.55,
2021-11-14,2021-11-16,1975,CRATE & BARREL 416,Merchandise,976.17,
2021-11-12,2021-11-15,1975,SAFEWAY #0917,Merchandise,36.41,
2021-11-13,2021-11-15,2763,TRADER JOE'S #123  QPS,Merchandise,30.56,
2021-11-11,2021-11-13,2763,Montecatini Ristorante,Dining,9.23,
2021-11-12,2021-11-13,2763,TST* LOKANTA GRILL & B,Dining,27.62,
2021-11-11,2021-11-12,2763,CENTURY THEATRES 466,Entertainment,26.50,
2021-11-11,2021-11-12,2763,CENTURY THEATRES 466,Entertainment,4.90,
2021-11-09,2021-11-10,2763,TARGET        00012088,Merchandise,13.39,
2021-11-09,2021-11-09,2763,CAPITAL ONE MOBILE PYMT,Payment/Credit,,522.85
2021-11-06,2021-11-08,1975,THE AVENUE BAR,Dining,23.00,
2021-11-05,2021-11-08,1975,DAOL TOFU,Dining,164.05,
2021-11-07,2021-11-08,1975,TARGET        00012088,Merchandise,56.13,
2021-11-07,2021-11-08,1975,SQ *LEDESMA FARMS,Other Services,5.00,
2021-11-07,2021-11-08,1975,SQ *RJ PRODUCE,Merchandise,4.50,
2021-11-06,2021-11-08,2763,THE AVENUE BAR,Dining,16.00,
2021-11-06,2021-11-08,1975,SAMSCLUB #6612,Merchandise,125.03,
2021-11-06,2021-11-08,1975,TST* ARTICHOKE BASILLE,Dining,18.00,
2021-11-05,2021-11-06,1975,CHEVRON 0205756,Gas/Automotive,56.20,
2021-11-03,2021-11-03,2763,CAPITAL ONE MOBILE PYMT,Payment/Credit,,330.25
2021-11-01,2021-11-03,2763,SAFEWAY #0917,Merchandise,54.94,
2021-10-31,2021-11-02,1975,JULIAN BREWERY & BBQ,Dining,30.18,
2021-10-31,2021-11-01,2763,MINER'S DINER,Dining,41.21,
2021-10-30,2021-11-01,2763,DESERT PANTRY,Merchandise,15.60,
2021-10-29,2021-10-30,2763,STATERBROS163,Merchandise,32.80,
2021-10-30,2021-10-30,2763,COMCAST CALIFORNIA,Phone/Cable,70.23,
2021-10-28,2021-10-29,2763,CVS/PHARMACY #09545,Health Care,52.18,
2021-10-28,2021-10-29,2763,CHEVRON 0095595,Gas/Automotive,63.28,
2021-10-26,2021-10-28,2763,SAFEWAY #0917,Merchandise,24.77,
2021-10-26,2021-10-26,2763,CAPITAL ONE MOBILE PYMT,Payment/Credit,,480.89
2021-10-24,2021-10-25,1975,TST* ALVARADO STREET B,Dining,44.40,
2021-10-23,2021-10-25,1975,SAFEWAY #2669,Merchandise,32.73,
2021-10-24,2021-10-25,2763,GARLIC WORLD INC,Merchandise,10.98,
2021-10-23,2021-10-25,2763,LINKS CLUB,Dining,46.53,
2021-10-22,2021-10-25,2763,CITY OF WALNUT CREEK,Gas/Automotive,0.50,
2021-10-24,2021-10-25,2763,MULLIGAN PUBLIC HOUSE,Dining,21.52,
2021-10-24,2021-10-25,2763,MULLIGAN PUBLIC HOUSE,Dining,20.97,
2021-10-23,2021-10-25,2763,PORTABELLA,Dining,133.64,
2021-10-22,2021-10-25,1975,SAFEWAY #0917,Merchandise,33.68,
2021-10-22,2021-10-22,2763,SQ *CAPULLO,Dining,135.94,
2021-10-19,2021-10-19,2763,CAPITAL ONE MOBILE PYMT,Payment/Credit,,462.07
2021-10-17,2021-10-18,1975,KAISER PHARM 511,Health Care,5.00,
2021-10-17,2021-10-18,1975,JIRU INC,Dining,38.42,
2021-10-17,2021-10-18,1975,TRADER JOE'S #123  QPS,Merchandise,17.34,
2021-10-17,2021-10-18,2763,ANDOIL,Gas/Automotive,47.22,
2021-10-16,2021-10-18,2763,RIVER RANCH LODGE & RE,Dining,29.00,
2021-10-16,2021-10-18,2763,SHELL OIL 574432236QPS,Gas/Automotive,54.78,
2021-10-16,2021-10-18,1975,SQ *IAN CASEY FOUNDATI,Other Services,50.00,
2021-10-16,2021-10-18,1975,SQ *COFFEEBAR TRUCKEE,Dining,13.17,
2021-10-16,2021-10-18,2763,KINGS BEACH SRA,Other Services,5.00,
2021-10-15,2021-10-16,2763,TARGET        00012088,Merchandise,19.21,
2021-10-14,2021-10-16,1975,TWISTED TIMES RESTAURA,Dining,36.44,
2021-10-11,2021-10-13,1975,FOODMAXX #480 BRENTW,Merchandise,63.98,
2021-10-10,2021-10-12,1975,SEAFOOD CITY SUPERMA,Merchandise,12.34,
2021-10-10,2021-10-11,2763,EL TAPATIO RESTAURANT,Dining,25.01,
2021-10-11,2021-10-11,2763,CAPITAL ONE MOBILE PYMT,Payment/Credit,,322.65
2021-10-09,2021-10-11,2763,SAFEWAY #1711,Merchandise,45.16,
2021-10-08,2021-10-09,1975,TRADER JOE'S #123  QPS,Merchandise,25.51,
2021-10-03,2021-10-04,1975,TARGET        00012088,Merchandise,18.81,
2021-10-02,2021-10-04,2763,MR LUCKYS,Dining,18.00,
2021-10-03,2021-10-04,2763,TST* LA CASA RESTAURAN,Dining,55.56,
2021-10-02,2021-10-04,2763,TARGET        00012088,Merchandise,27.49,
2021-10-02,2021-10-02,1975,CENTURY THEATRES 466,Entertainment,28.00,
2021-10-01,2021-10-02,2763,PINKYS PIZZA PARLOR OF,Dining,29.95,
2021-10-02,2021-10-02,2763,CENTURY THEATRES 466,Entertainment,4.90,
2021-10-01,2021-10-02,1975,CHEVRON 0303837,Gas/Automotive,44.20,
2021-09-30,2021-09-30,2763,COMCAST CALIFORNIA,Phone/Cable,70.23,
2021-09-29,2021-09-29,2763,CAPITAL ONE MOBILE PYMT,Payment/Credit,,559.64
2021-09-26,2021-09-27,2763,TARGET        00012088,Merchandise,7.98,
2021-09-25,2021-09-27,1975,BRASS RING AMUSEMENTS,Entertainment,32.00,
2021-09-25,2021-09-27,1975,SAMSCLUB #6612,Merchandise,87.76,
2021-09-25,2021-09-27,1975,SAMS CLUB #6612,Merchandise,6.25,
2021-09-26,2021-09-27,1975,SQ *DOMINO'S PIZZA,Dining,6.00,
2021-09-26,2021-09-27,1975,SQ *BEER BOOTH,Merchandise,16.10,
2021-09-25,2021-09-27,1975,SQ *BEER BOOTH,Merchandise,9.00,
2021-09-25,2021-09-27,1975,SQ *BEER BOOTH,Merchandise,7.00,
2021-09-25,2021-09-27,2763,ANDOIL,Gas/Automotive,54.17,
2021-09-25,2021-09-27,2763,SQ *WALNUT FESTIVAL AS,Other Services,22.00,
2021-09-25,2021-09-27,2763,TST* TIKI TOM S,Dining,71.81,
2021-09-25,2021-09-27,2763,TST* BIERHAUS - WALNUT,Dining,57.93,
2021-09-23,2021-09-25,2763,SAFEWAY #0917,Merchandise,37.19,
2021-09-20,2021-09-22,2763,SAFEWAY #0917,Merchandise,42.91,
2021-09-19,2021-09-20,1975,CPK T-2 EAST SAN,Dining,17.23,
2021-09-19,2021-09-20,2763,BLUE WATER SEAFOOD MAR,Dining,41.48,
2021-09-17,2021-09-18,2763,CHIPOTLE 2434,Dining,8.54,
2021-09-14,2021-09-16,1975,SAFEWAY #0917,Merchandise,34.29,
2021-09-14,2021-09-14,2763,CAPITAL ONE MOBILE PYMT,Payment/Credit,,409.13
2021-09-11,2021-09-13,2763,SQ *LAUGHING MONK,Dining,9.60,
2021-09-09,2021-09-10,2763,ANDOIL,Gas/Automotive,51.14,
2021-09-07,2021-09-08,2763,TARGET        00012088,Merchandise,11.47,
2021-09-06,2021-09-08,2763,SEAFOOD CITY SUPERMA,Merchandise,7.75,
2021-09-05,2021-09-07,2763,CANTON DIM SUM & SEAFO,Dining,42.99,
2021-09-05,2021-09-06,2763,ANDOIL,Gas/Automotive,25.00,
2021-09-04,2021-09-06,1975,TARGET        00012088,Merchandise,115.89,
2021-09-03,2021-09-06,2763,Montecatini Ristorante,Dining,95.04,
2021-09-03,2021-09-06,2763,MR LUCKYS,Dining,33.00,
2021-09-03,2021-09-06,2763,THE STADIUM PUB,Dining,17.25,
2021-09-02,2021-09-02,2763,CAPITAL ONE MOBILE PYMT,Payment/Credit,,496.09
2021-08-31,2021-09-01,2763,ANDOIL,Gas/Automotive,48.29,
2021-08-29,2021-08-31,2763,CREPES ON THE ROW CAFE,Dining,28.77,
2021-08-29,2021-08-31,2763,PARKING METERS (POM),Gas/Automotive,7.75,
2021-08-29,2021-08-30,2763,PHILS FISH MKT & EAT,Dining,38.68,
2021-08-28,2021-08-30,1975,BRITANNIA ARMS OF MONT,Dining,18.59,
2021-08-28,2021-08-30,2763,CIBOS ITALIAN RESTAURA,Dining,18.46,
2021-08-28,2021-08-30,2763,HELLAM'S TOBACCO SHOP,Merchandise,25.74,
2021-08-30,2021-08-30,2763,COMCAST CALIFORNIA,Phone/Cable,70.23,
2021-08-28,2021-08-30,2763,BIG SUR DINING,Dining,11.85,
2021-08-28,2021-08-30,2763,BRITANNIA ARMS OF MONT,Dining,18.59,
2021-08-29,2021-08-30,2763,ROSINES RESTAURANT,Dining,90.81,
2021-08-28,2021-08-30,2763,SHELL OIL 57442912606,Gas/Automotive,45.58,
2021-08-26,2021-08-28,2763,SAFEWAY #0917,Merchandise,22.92,
2021-08-22,2021-08-24,1975,SAFEWAY #3026,Merchandise,49.83,
2021-08-18,2021-08-18,2763,CAPITAL ONE MOBILE PYMT,Payment/Credit,,429.28
2021-08-15,2021-08-17,1975,SAFEWAY #3026,Merchandise,84.96,
2021-08-15,2021-08-16,1975,MICHAELS STORES 2109,Merchandise,49.11,
2021-08-14,2021-08-16,1975,CVS/PHARMACY #09545,Health Care,137.00,
2021-08-13,2021-08-14,1975,TARGET        00012088,Merchandise,45.54,
2021-08-09,2021-08-10,1975,ANDOIL,Gas/Automotive,54.15,
2021-08-08,2021-08-09,1975,MR PICKLES - 312,Dining,20.80,
2021-08-07,2021-08-09,1975,SAFEWAY #3026,Merchandise,37.72,
2021-08-06,2021-08-06,2763,CAPITAL ONE MOBILE PYMT,Payment/Credit,,618.82
2021-08-02,2021-08-04,1975,SHELL OIL 57444679609,Gas/Automotive,42.99,
2021-08-01,2021-08-03,2763,SPICES RESTAURANT,Dining,122.05,
2021-07-31,2021-08-02,1975,THE SPINNAKER,Dining,64.32,
2021-07-31,2021-08-02,2763,ROOFTOP,Dining,119.14,
2021-07-31,2021-08-02,2763,CITY OF SAUSALITO,Gas/Automotive,4.00,
2021-07-31,2021-08-02,2763,CITY OF SAUSALITO,Gas/Automotive,4.00,
2021-07-31,2021-08-02,2763,ANDOIL,Gas/Automotive,40.00,
2021-07-31,2021-08-02,2763,SQ *SHADOWBROOK WINERY,Merchandise,102.60,
2021-07-29,2021-07-31,2763,SAFEWAY #3026,Merchandise,49.49,
2021-07-30,2021-07-30,2763,CAPITAL ONE MOBILE PYMT,Payment/Credit,,357.20
2021-07-30,2021-07-30,2763,COMCAST CALIFORNIA,Phone/Cable,70.23,
2021-07-27,2021-07-28,1975,SAMS CLUB #6612,Merchandise,106.19,
2021-07-26,2021-07-28,2763,SAFEWAY #0917,Merchandise,2.49,
2021-07-22,2021-07-27,2763,LIVING SPACES E COMMER,Merchandise,,429.56
2021-07-25,2021-07-27,2763,SAFEWAY #0917,Merchandise,50.88,
2021-07-25,2021-07-26,1975,TST* BEN N' NICK'S,Dining,41.14,
2021-07-24,2021-07-26,2763,MCNALLY'S IRISH PUB,Dining,16.00,
2021-07-24,2021-07-26,2763,Beer Baron Oakland,Dining,76.20,
2021-07-24,2021-07-26,2763,MR LUCKYS,Dining,20.00,
2021-07-25,2021-07-26,2763,TST* BEN N' NICK'S,Dining,21.66,
2021-07-23,2021-07-24,2763,TARGET        00012088,Merchandise,23.88,
2021-07-20,2021-07-22,1975,SAFEWAY #3026,Merchandise,34.83,
2021-07-18,2021-07-19,1975,TARGET        00012088,Merchandise,29.72,
2021-07-17,2021-07-19,1975,SIAM LOTUS THAI CUISIN,Dining,112.42,
2021-07-16,2021-07-19,1975,KAIWA SUSHI,Dining,28.77,
2021-07-16,2021-07-19,1975,SAFEWAY #0917,Merchandise,51.03,
2021-07-18,2021-07-19,2763,TST* MAGNOLIA BREWING,Dining,33.23,
2021-07-17,2021-07-19,2763,TRADER JOE'S #170  QPS,Merchandise,26.49,
2021-07-15,2021-07-17,1975,THE HOME DEPOT #0634,Merchandise,25.60,
2021-07-16,2021-07-16,2763,CREDIT-CASH BACK REWARD,Payment/Credit,,122.94
2021-07-13,2021-07-14,1975,SAMS CLUB #6612,Merchandise,49.88,
2021-07-13,2021-07-13,2763,CAPITAL ONE MOBILE PYMT,Payment/Credit,,1005.42
2021-07-11,2021-07-13,1975,OL BEERCAFE,Dining,19.58,
2021-07-11,2021-07-13,2763,ROOFTOP,Dining,43.98,
2021-07-11,2021-07-13,2763,Montecatini Ristorante,Dining,71.73,
2021-07-09,2021-07-12,1975,SHELL OIL 57443475207,Gas/Automotive,4.29,
2021-07-11,2021-07-12,2763,TARGET        00012088,Merchandise,19.71,
2021-07-09,2021-07-10,1975,DICKS SPORTING GOODS10,Merchandise,43.67,
2021-07-09,2021-07-10,1975,JIFFY LUBE #2335,Gas/Automotive,73.99,
2021-07-09,2021-07-10,2763,LIVING SPACES E COMMER,Merchandise,429.56,
2021-07-08,2021-07-10,2763,SAFEWAY #0936,Merchandise,65.71,
2021-07-06,2021-07-08,1975,SAFEWAY #3026,Merchandise,92.13,
2021-07-04,2021-07-06,2763,BAHAMA BREEZE 00030064,Dining,34.44,
2021-07-04,2021-07-05,1975,KROGER #483,Merchandise,19.11,
2021-07-03,2021-07-05,1975,RACETRAC2354  00023549,Gas/Automotive,19.07,
2021-07-04,2021-07-05,1975,TARGET        00009175,Merchandise,63.74,
2021-07-03,2021-07-05,2763,PROVINOS #10,Dining,48.41,
2021-07-02,2021-07-02,2763,CAPITAL ONE MOBILE PYMT,Payment/Credit,,533.30
2021-06-30,2021-07-02,2763,PICCOLO RESTAURANT & T,Dining,115.59,
2021-06-29,2021-06-30,2763,THE PEARL HOTEL DINING,Dining,42.66,
2021-06-30,2021-06-30,2763,COMCAST CALIFORNIA,Phone/Cable,50.22,
2021-06-26,2021-06-28,1975,KWIKER LIQUOR,Merchandise,147.04,
2021-06-26,2021-06-28,1975,SHELL OIL 57543724108,Gas/Automotive,59.55,
2021-06-26,2021-06-28,2763,MOES ORIGINAL BBQ PANA,Dining,16.00,
2021-06-26,2021-06-28,2763,EXPRESS LANE 214,Merchandise,38.55,
2021-06-25,2021-06-26,2763,ALABAMA ABC #108,Other Services,63.59,
2021-06-24,2021-06-26,2763,KK FOOD MART,Gas/Automotive,25.89,
2021-06-20,2021-06-21,2763,PUBLIX #508,Merchandise,31.70,
2021-06-20,2021-06-21,2763,CAPITAL ONE MOBILE PYMT,Payment/Credit,,490.66
2021-06-18,2021-06-21,2763,MIGUEL'S COCINA,Dining,53.10,
2021-06-18,2021-06-21,2763,MTS,Other Travel,5.00,
2021-06-17,2021-06-18,1975,RALPHS #0201,Merchandise,19.22,
2021-06-17,2021-06-18,2763,TST* THE PRESLEY,Dining,62.07,
2021-06-17,2021-06-18,2763,TST* BOTTLECRAFT LIBER,Dining,17.88,
2021-06-13,2021-06-15,1975,AVILAS EL RANCHITO SAN,Dining,54.18,
2021-06-13,2021-06-15,1975,FISHERMANS RESTAURANT,Dining,21.63,
2021-06-13,2021-06-14,1975,TST* HH COTTONS,Dining,65.93,
2021-06-11,2021-06-14,2763,OCEAN BEACH BREWERY,Dining,11.00,
2021-06-12,2021-06-14,2763,STUMP'S MARKET,Merchandise,25.72,
2021-06-12,2021-06-14,2763,TST* CATALINA LOUNGE,Dining,29.50,
2021-06-12,2021-06-14,2763,TST* LONG STORY IRISH,Dining,20.50,
2021-06-12,2021-06-14,2763,THE REUNION PUB.,Dining,26.32,
2021-06-12,2021-06-12,2763,TST* WONDERLAND OCEAN,Dining,27.61,
2021-06-06,2021-06-07,2763,BALBOA GOLF 14881,Entertainment,87.00,
2021-06-03,2021-06-04,2763,RITE AID 05647,Health Care,12.16,
2021-06-02,2021-06-04,2763,STUMP'S MARKET,Merchandise,9.94,
2021-06-02,2021-06-02,2763,CAPITAL ONE MOBILE PYMT,Payment/Credit,,469.65
2021-05-29,2021-05-31,2763,THE REUNION PUB.,Dining,13.92,
2021-05-30,2021-05-31,2763,COMCAST CALIFORNIA,Phone/Cable,50.22,
2021-05-29,2021-05-31,2763,VONS #2053,Merchandise,64.12,
2021-05-24,2021-05-27,2763,SOUTH BEACH BAR AND GR,Dining,19.59,
2021-05-23,2021-05-25,2763,COTIJAS COCINA MEXICAN,Dining,7.81,
2021-05-23,2021-05-24,2763,SQ *OLD DEVIL MOON SF,Dining,34.70,
2021-05-16,2021-05-17,2763,TARGET        00012088,Merchandise,10.58,
2021-05-15,2021-05-17,1975,SQ *CANCUN SABOR MEXIC,Dining,8.10,
2021-05-15,2021-05-17,1975,SQ *CANCUN SABOR MEXIC,Dining,16.18,
2021-05-15,2021-05-17,2763,MR LUCKYS,Dining,37.00,
2021-05-14,2021-05-17,2763,RETRO JUNKIE,Dining,72.74,
2021-05-15,2021-05-17,2763,CITY OF BERKELEY- IPS,Gas/Automotive,7.00,
2021-05-15,2021-05-17,2763,SQ *CANCUN SABOR MEXIC,Dining,20.04,
2021-05-15,2021-05-17,2763,SQ *SHADOWBROOK WINERY,Merchandise,48.71,
2021-05-13,2021-05-15,1975,FOODMAXX #480 BRENTW,Merchandise,41.94,
2021-05-12,2021-05-14,2763,MR LUCKYS,Dining,17.00,
2021-05-12,2021-05-12,2763,CAPITAL ONE MOBILE PYMT,Payment/Credit,,516.26
2021-05-07,2021-05-10,2763,MR LUCKYS,Dining,17.00,
2021-05-08,2021-05-10,2763,TST* LIMON - WALNUT CR,Dining,87.77,
2021-05-08,2021-05-10,2763,SAMSCLUB #6612,Merchandise,106.86,
2021-05-08,2021-05-08,2763,CENTURY THEATRES 466,Entertainment,28.00,
2021-05-08,2021-05-08,2763,CENTURY THEATRES 466,Entertainment,4.25,
2021-05-03,2021-05-05,2763,SAFEWAY #0917,Merchandise,21.76,
2021-05-02,2021-05-04,2763,MAINSTKITCHEN_1,Dining,52.58,
2021-05-01,2021-05-03,1975,SAFEWAY #0917,Merchandise,26.24,
2021-05-01,2021-05-03,2763,TARGET        00012088,Merchandise,35.57,
2021-04-30,2021-05-01,1975,ANDOIL,Gas/Automotive,7.99,
2021-04-30,2021-04-30,2763,COMCAST CALIFORNIA,Phone/Cable,50.22,
2021-04-27,2021-04-28,1975,ANDOIL,Gas/Automotive,50.57,
2021-04-27,2021-04-28,2763,TARGET        00012088,Merchandise,9.47,
2021-04-26,2021-04-26,2763,CAPITAL ONE MOBILE PYMT,Payment/Credit,,551.85
2021-04-25,2021-04-26,2763,MR PICKLES - 312,Dining,17.98,
2021-04-23,2021-04-24,2763,CHEVRON 0379850,Gas/Automotive,33.16,
2021-04-22,2021-04-24,2763,SHELL OIL 57444679609,Gas/Automotive,68.26,
2021-04-22,2021-04-24,2763,SAFEWAY #3026,Merchandise,38.30,
2021-04-20,2021-04-21,1975,SAMS CLUB #6612,Merchandise,62.81,
2021-04-20,2021-04-21,2763,TARGET        00012088,Merchandise,4.84,
2021-04-17,2021-04-19,2763,FLYERS WALNUT CREEK,Gas/Automotive,64.89,
2021-04-17,2021-04-19,2763,ANDOIL,Gas/Automotive,55.26,
2021-04-16,2021-04-17,2763,WHOLEFDS YVR#10548,Merchandise,13.36,
2021-04-13,2021-04-14,2763,TARGET        00012088,Merchandise,29.96,
2021-04-09,2021-04-12,1975,ARCO#83424CONCORD AQPS,Gas/Automotive,55.17,
2021-04-10,2021-04-12,1975,TRADER JOE'S #083  QPS,Merchandise,13.81,
2021-04-10,2021-04-12,2763,SQ *TAMALES EL TIO SAN,Dining,21.00,
2021-04-07,2021-04-09,1975,SAFEWAY #3026,Merchandise,21.66,
2021-04-05,2021-04-07,1975,7-ELEVEN 38737,Gas/Automotive,69.37,
2021-04-06,2021-04-06,2763,CAPITAL ONE MOBILE PYMT,Payment/Credit,,383.99
2021-04-04,2021-04-05,1975,TRADER JOE'S #123  QPS,Merchandise,20.58,
2021-04-03,2021-04-05,1975,BED BATH & BEYOND #261,Merchandise,,87.39
2021-04-04,2021-04-05,1975,SQ *EAST BAY BAKERY,Dining,11.50,
2021-04-02,2021-04-05,2763,SAFEWAY #0917,Merchandise,28.46,
2021-04-03,2021-04-05,2763,CENTURY THEATRES 466,Entertainment,28.00,
2021-04-04,2021-04-05,2763,CENTURY THEATRES 466,Entertainment,4.75,
2021-04-01,2021-04-02,1975,BEVERAGES & MORE #70,Merchandise,23.91,

